transaction_id,date,description,category,account,is_recurring,amount,z_score,flag_p95,flag_p99,flag_iqr,flag_zscore,trigger_count
TX-001295,2025-07-14,Housing transaction 1295,Housing,Checking,True,24562.5087945952,10.829568958649036,True,True,True,True,4
TX-001566,2025-08-03,Housing transaction 1566,Housing,Checking,False,21348.64738878946,9.313402228340081,True,True,True,True,4
TX-002046,2025-12-07,Housing transaction 2046,Housing,Checking,False,18034.183552541475,7.749775437137023,True,True,True,True,4
TX-001258,2025-02-23,Housing transaction 1258,Housing,Savings,False,16451.709134886856,7.003229534666331,True,True,True,True,4
TX-002047,2025-05-09,Housing transaction 2047,Housing,Credit,True,14494.212666332834,6.079763757655077,True,True,True,True,4
TX-000331,2025-06-21,Housing transaction 331,Housing,Credit,False,11735.44835968013,4.778292993870839,True,True,True,True,4
TX-002026,2025-09-08,Housing transaction 2026,Housing,Savings,False,11032.153704791504,4.44650769802081,True,True,True,True,4
TX-002224,2025-07-21,Housing transaction 2224,Housing,Checking,False,10731.74310742957,4.304786417716186,True,True,True,True,4
TX-002407,2025-05-21,Housing transaction 2407,Housing,Checking,True,8698.931791564532,3.345790214413065,True,True,True,True,4
TX-001716,2025-01-29,Education transaction 1716,Education,Credit,True,8149.832066497765,9.46904695113694,True,True,True,True,4
TX-000422,2025-02-16,Health transaction 422,Health,Credit,False,4739.587479275799,9.931113717765372,True,True,True,True,4
TX-000261,2025-12-12,Health transaction 261,Health,Checking,True,3843.907114000288,7.939831504910842,True,True,True,True,4
TX-000603,2025-03-15,Utilities transaction 603,Utilities,Savings,True,3712.374168619914,12.808648498960572,True,True,True,True,4
TX-001380,2025-01-11,Health transaction 1380,Health,Checking,False,2645.1242496999657,5.274689912774049,True,True,True,True,4
TX-000707,2025-08-28,Utilities transaction 707,Utilities,Checking,False,2364.370711875317,7.891593321254678,True,True,True,True,4
TX-000814,2025-03-10,Housing transaction 814,Housing,Savings,True,7129.244673624452,2.6052768304457077,True,True,True,False,3
TX-000925,2025-04-21,Housing transaction 925,Housing,Checking,False,5666.690794968877,1.9153044725537018,True,True,True,False,3
TX-000066,2025-04-16,Housing transaction 66,Housing,Credit,False,4389.012749452913,1.3125488773192493,True,True,True,False,3
TX-000301,2025-10-04,Education transaction 301,Education,Savings,True,2712.0400602779814,2.807094756696171,True,True,True,False,3
TX-002183,2025-03-15,Housing transaction 2183,Housing,Credit,True,2199.15,0.279462310902425,True,True,True,False,3
TX-000058,2025-09-21,Housing transaction 58,Housing,Savings,False,2193.02,0.2765704307360916,True,True,True,False,3
TX-000157,2025-03-27,Housing transaction 157,Housing,Checking,False,2181.66,0.27121125313583916,True,True,True,False,3
TX-000051,2025-01-14,Housing transaction 51,Housing,Credit,False,2180.4,0.27061683731045916,True,True,True,False,3
TX-001172,2025-11-09,Housing transaction 1172,Housing,Savings,True,2178.38,0.2696638849554847,True,True,True,False,3
TX-002068,2025-12-11,Housing transaction 2068,Housing,Checking,False,2166.27,0.2639508884115537,True,True,True,False,3
TX-000145,2025-08-10,Leisure transaction 145,Leisure,Checking,True,2108.231378947652,10.910109356531033,True,False,True,True,3
TX-001220,2025-11-14,Transport transaction 1220,Transport,Checking,False,1995.258813484224,10.21652634199508,True,False,True,True,3
TX-000278,2025-02-23,Leisure transaction 278,Leisure,Checking,False,1921.311420100625,9.876648462274012,True,False,True,True,3
TX-002313,2025-11-07,Housing transaction 2313,Uncategorized,Checking,False,1920.97,3.424227545632979,True,False,True,True,3
TX-000986,2025-07-31,Transport transaction 986,Transport,Credit,True,1907.154058943775,9.742973360022368,True,False,True,True,3
TX-001707,2025-09-27,Housing transaction 1707,Uncategorized,Checking,False,1901.94,3.383815768703402,True,False,True,True,3
TX-000591,2025-08-11,Housing transaction 591,Uncategorized,Credit,False,1828.75,3.2283907580110345,True,False,True,True,3
TX-001190,2025-06-01,Housing transaction 1190,Uncategorized,Credit,False,1816.53,3.2024405786059145,True,False,True,True,3
TX-002312,2025-10-30,Housing transaction 2312,Housing,Credit,False,2159.63,0.2608184113635189,True,False,True,False,2
TX-001972,2025-10-14,Housing transaction 1972,Housing,Checking,True,2155.33,0.2587898494197613,True,False,True,False,2
TX-001710,2025-12-10,Housing transaction 1710,Housing,Checking,False,2149.13,0.255864946152018,True,False,True,False,2
TX-000159,2025-03-07,Housing transaction 159,Housing,Savings,False,2148.48,0.2555583030674965,True,False,True,False,2
TX-001661,2025-06-07,Housing transaction 1661,Housing,Savings,False,2143.18,0.2530579825321674,True,False,True,False,2
TX-000161,2025-02-14,Housing transaction 161,Housing,Credit,True,2141.05,0.2520531367321202,True,False,True,False,2
TX-002492,2025-06-09,Housing transaction 2492,Housing,Credit,True,2140.63,0.25185499812366013,True,False,True,False,2
TX-001768,2025-06-23,Housing transaction 1768,Housing,Checking,False,2137.33,0.2502981947714741,True,False,True,False,2
TX-001964,2025-01-28,Housing transaction 1964,Housing,Credit,True,2129.45,0.24658073706989053,True,False,True,False,2
TX-000938,2025-11-16,Housing transaction 938,Housing,Savings,True,2127.29,0.24556173851209612,True,False,True,False,2
TX-002175,2025-03-18,Housing transaction 2175,Housing,Checking,True,2127.08,0.24546266920786608,True,False,True,False,2
TX-000962,2025-08-17,Housing transaction 962,Housing,Savings,False,2126.31,0.24509941509235603,True,False,True,False,2
TX-000905,2025-07-11,Housing transaction 905,Housing,Checking,True,2123.35,0.24370300966130434,True,False,True,False,2
TX-002371,2025-02-18,Housing transaction 2371,Housing,Savings,False,2116.58,0.24050920399636522,True,False,True,False,2
TX-001353,2025-01-27,Housing transaction 1353,Housing,Checking,False,2100.26,0.2328101037819183,True,False,True,False,2
TX-001078,2025-01-15,Housing transaction 1078,Housing,Credit,True,2100.22,0.23279123343825522,True,False,True,False,2
TX-000086,2025-02-22,Housing transaction 86,Housing,Checking,False,2096.61,0.23108818492268224,True,False,True,False,2
TX-002316,2025-06-07,Housing transaction 2316,Housing,Checking,False,2080.93,0.2236910102068408,True,False,True,False,2
TX-001761,2025-03-01,Housing transaction 1761,Housing,Credit,False,2068.07,0.2176241947192313,True,False,True,False,2
TX-002495,2025-07-10,Housing transaction 2495,Housing,Checking,True,2064.27,0.21583151207125947,True,False,True,False,2
TX-000236,2025-05-04,Housing transaction 236,Housing,Checking,True,2059.14,0.21341139049649757,True,False,True,False,2
TX-000310,2025-07-06,Housing transaction 310,Housing,Checking,True,2058.76,0.21323212223170054,True,False,True,False,2
TX-001278,2025-01-07,Housing transaction 1278,Housing,Credit,False,2057.06,0.21243013262602886,True,False,True,False,2
TX-002333,2025-09-05,Housing transaction 2333,Housing,Checking,False,2054.5,0.2112224306316058,True,False,True,False,2
TX-000870,2025-02-17,Housing transaction 870,Housing,Checking,True,2049.97,0.20908536421178678,True,False,True,False,2
TX-001548,2025-03-13,Housing transaction 1548,Housing,Checking,False,2049.76,0.20898629490755694,True,False,True,False,2
TX-000077,2025-09-28,Housing transaction 77,Housing,Checking,True,2048.86,0.20856171217514255,True,False,True,False,2
TX-000349,2025-06-10,Housing transaction 349,Housing,Checking,False,2045.2,0.20683507572999077,True,False,True,False,2
TX-000128,2025-09-14,Housing transaction 128,Housing,Savings,False,2044.42,0.206467104028565,True,False,True,False,2
TX-002076,2025-10-31,Housing transaction 2076,Housing,Credit,True,2040.5,0.20461781034960466,True,False,True,False,2
TX-001694,2025-07-15,Housing transaction 1694,Housing,Checking,False,2038.44,0.20364598765096736,True,False,True,False,2
TX-000774,2025-02-23,Housing transaction 774,Housing,Checking,False,2037.37,0.20314120595798577,True,False,True,False,2
TX-001939,2025-08-13,Housing transaction 1939,Housing,Credit,False,2030.41,0.19985776616064813,True,False,True,False,2
TX-000194,2025-08-21,Housing transaction 194,Housing,Credit,True,2024.22,0.19693758047882046,True,False,True,False,2
TX-002459,2025-11-04,Housing transaction 2459,Housing,Credit,False,2022.17,0.19597047536609888,True,False,True,False,2
TX-002158,2025-10-04,Housing transaction 2158,Housing,Credit,True,2019.91,0.19490430094914726,True,False,True,False,2
TX-001912,2025-01-04,Housing transaction 1912,Housing,Savings,False,2016.9,0.193484307588517,True,False,True,False,2
TX-001092,2025-01-05,Housing transaction 1092,Housing,Checking,False,2012.18,0.19125760703629946,True,False,True,False,2
TX-002297,2025-08-03,Housing transaction 2297,Housing,Checking,False,2010.26,0.19035183054048213,True,False,True,False,2
TX-000491,2025-08-11,Housing transaction 491,Housing,Savings,True,2003.92,0.1873608810699188,True,False,True,False,2
TX-000469,2025-08-08,Housing transaction 469,Housing,Credit,True,2001.91,0.18641264630086005,True,False,True,False,2
TX-001196,2025-06-26,Housing transaction 1196,Housing,Checking,False,1994.54,0.18293578548097797,True,False,True,False,2
TX-000357,2025-02-27,Housing transaction 357,Housing,Checking,False,1994.1,0.18272821170068645,True,False,True,False,2
TX-000440,2025-04-27,Housing transaction 440,Housing,Savings,False,1990.68,0.18111479731751196,True,False,True,False,2
TX-002273,2025-03-14,Housing transaction 2273,Housing,Checking,False,1988.75,0.1802043032357789,True,False,True,False,2
TX-001218,2025-08-03,Housing transaction 1218,Housing,Credit,True,1979.54,0.1758594066074053,True,False,True,False,2
TX-000461,2025-12-15,Housing transaction 461,Housing,Checking,False,1979.32,0.17575561971725953,True,False,True,False,2
TX-000873,2025-01-26,Housing transaction 873,Housing,Savings,True,1977.07,0.17469416288622364,True,False,True,False,2
TX-001739,2025-08-24,Housing transaction 1739,Housing,Savings,False,1975.91,0.17414692292000075,True,False,True,False,2
TX-000507,2025-06-12,Housing transaction 507,Housing,Checking,False,1974.02,0.17325529918193056,True,False,True,False,2
TX-002267,2025-04-19,Housing transaction 2267,Housing,Checking,False,1973.39,0.17295809126924055,True,False,True,False,2
TX-001323,2025-10-08,Housing transaction 1323,Housing,Checking,False,1973.33,0.17292978575374618,True,False,True,False,2
TX-000723,2025-10-16,Housing transaction 723,Housing,Checking,False,1971.14,0.17189663443820466,True,False,True,False,2
TX-000793,2025-04-08,Housing transaction 793,Housing,Checking,False,1969.6,0.17117012620718444,True,False,True,False,2
TX-001654,2025-02-14,Housing transaction 1654,Housing,Checking,False,1968.26,0.17053796969447865,True,False,True,False,2
TX-000362,2025-04-24,Housing transaction 362,Housing,Savings,False,1965.33,0.16915571702117407,True,False,True,False,2
TX-000637,2025-01-19,Housing transaction 637,Housing,Credit,False,1958.28,0.16582981895059495,True,False,True,False,2
TX-001097,2025-10-21,Housing transaction 1097,Housing,Credit,False,1952.02,0.1628766101673573,True,False,True,False,2
TX-001464,2025-05-17,Housing transaction 1464,Housing,Credit,False,1944.03,0.15910725902070091,True,False,True,False,2
TX-000908,2025-07-21,Housing transaction 908,Housing,Checking,False,1941.77,0.1580410846037493,True,False,True,False,2
TX-002225,2025-12-11,Housing transaction 2225,Housing,Savings,True,1938.77,0.15662580882903476,True,False,True,False,2
TX-002011,2025-01-01,Housing transaction 2011,Housing,Checking,True,1936.86,0.15572474991913313,True,False,True,False,2
TX-001634,2025-06-17,Housing transaction 1634,Housing,Savings,False,1930.76,0.15284702251054696,True,False,True,False,2
TX-002411,2025-03-09,Housing transaction 2411,Housing,Checking,False,1929.02,0.1520261625612125,True,False,True,False,2
TX-000223,2025-07-22,Housing transaction 223,Housing,Checking,False,1924.0,0.14965793443152353,True,False,True,False,2
TX-000098,2025-01-09,Housing transaction 98,Housing,Checking,False,1919.77,0.14766239558917604,True,False,True,False,2
TX-001001,2025-09-16,Housing transaction 1001,Housing,Credit,False,1916.32,0.1460348284482543,True,False,True,False,2
TX-001838,2025-05-23,Housing transaction 1838,Housing,Checking,False,1913.47,0.14469031646227554,True,False,True,False,2
TX-000444,2025-05-09,Housing transaction 444,Housing,Credit,False,1908.2,0.14220414868469367,True,False,True,False,2
TX-001106,2025-05-16,Housing transaction 1106,Housing,Credit,False,1907.51,0.14187863525650932,True,False,True,False,2
TX-000293,2025-07-13,Housing transaction 293,Housing,Savings,False,1892.35,0.13472677500828514,True,False,True,False,2
TX-001261,2025-08-17,Housing transaction 1261,Housing,Checking,False,1890.84,0.13401441953501217,True,False,True,False,2
TX-001794,2025-03-13,Housing transaction 1794,Housing,Checking,False,1888.75,0.13302844407862777,True,False,True,False,2
TX-000679,2025-02-23,Housing transaction 679,Housing,Checking,False,1874.08,0.12610774554027365,True,False,True,False,2
TX-000968,2025-03-16,Housing transaction 968,Housing,Checking,False,1873.06,0.1256265517768707,True,False,True,False,2
TX-002406,2025-01-25,Housing transaction 2406,Housing,Checking,True,1868.31,0.12338569846690603,True,False,True,False,2
TX-000099,2025-12-10,Housing transaction 99,Housing,Savings,False,1860.39,0.11964937042165973,True,False,True,False,2
TX-000379,2025-01-13,Housing transaction 379,Housing,Savings,False,1853.14,0.11622912063276628,True,False,True,False,2
TX-000501,2025-09-04,Housing transaction 501,Housing,Credit,False,1852.0,0.1156913158383747,True,False,True,False,2
TX-001957,2025-08-19,Housing transaction 1957,Housing,Checking,True,1848.92,0.11423829937633448,True,False,True,False,2
TX-001161,2025-12-12,Housing transaction 1161,Housing,Checking,True,1846.98,0.11332308770868572,True,False,True,False,2
TX-001809,2025-06-28,Housing transaction 1809,Housing,Credit,False,1845.49,0.11262016740724416,True,False,True,False,2
TX-001212,2025-12-26,Housing transaction 1212,Housing,Checking,False,1844.35,0.11208236261285259,True,False,True,False,2
TX-002091,2025-03-18,Housing transaction 2091,Housing,Savings,False,1841.4,0.11069067476771673,True,False,True,False,2
TX-002013,2025-02-04,Housing transaction 2013,Housing,Checking,False,1840.13,0.11009154135642091,True,False,True,False,2
TX-001807,2025-09-24,Housing transaction 1807,Housing,Savings,False,1837.07,0.10864796006621201,True,False,True,False,2
TX-002213,2025-02-18,Housing transaction 2213,Housing,Checking,False,1806.03,0.0940045733838323,True,False,True,False,2
TX-002287,2025-08-18,Housing transaction 2287,Housing,Savings,False,1800.43,0.09136272527103187,True,False,True,False,2
TX-000818,2025-07-24,Housing transaction 818,Housing,Checking,True,1800.25,0.09127780872454898,True,False,True,False,2
TX-002216,2025-10-20,Housing transaction 2216,Housing,Savings,False,1799.38,0.09086737874988181,True,False,True,False,2
TX-002307,2025-05-30,Housing transaction 2307,Housing,Credit,False,1796.02,0.08928226988220148,True,False,True,False,2
TX-000107,2025-09-18,Housing transaction 107,Housing,Checking,False,1787.67,0.08534308564257939,True,False,True,False,2
TX-002262,2025-08-06,Transport transaction 2262,Transport,Checking,False,1745.8981086502156,8.87624106480554,False,False,True,True,2
TX-000506,2025-06-27,Leisure transaction 506,Leisure,Checking,False,1572.4595406985482,7.947882922874543,False,False,True,True,2
TX-000758,2025-06-22,Transport transaction 758,Transport,Credit,False,1490.964639923436,7.506002818868553,False,False,True,True,2
TX-002496,2025-11-04,Utilities transaction 2496,Utilities,Credit,False,1446.7089170087602,4.5442772166444225,False,False,True,True,2
TX-001841,2025-12-26,Utilities transaction 1841,Utilities,Credit,True,1165.6817426236169,3.519186282364766,False,False,True,True,2
TX-001652,2025-05-13,Food transaction 1652,Food,Savings,True,1055.1225267788957,10.518111767495455,False,False,True,True,2
TX-001145,2025-05-13,Food transaction 1145,Food,Checking,False,1045.3293064667814,10.409896034196413,False,False,True,True,2
TX-000065,2025-02-23,Food transaction 65,Food,Checking,True,979.7721422084428,9.685485025649397,False,False,True,True,2
TX-000745,2025-05-13,Leisure transaction 745,Leisure,Checking,True,928.0237339761908,4.3848647774897715,False,False,True,True,2
TX-001002,2025-06-10,Food transaction 1002,Food,Checking,True,806.902170799894,7.7752603880784985,False,False,True,True,2
TX-001880,2025-08-26,Housing transaction 1880,Housing,Checking,False,1784.61,0.08389950435237048,False,False,True,False,1
TX-002257,2025-10-07,Housing transaction 2257,Housing,Checking,False,1779.55,0.08151240587901866,False,False,True,False,1
TX-002264,2025-02-11,Housing transaction 2264,Housing,Checking,True,1776.74,0.08018676423670273,False,False,True,False,1
TX-002168,2025-10-18,Housing transaction 2168,Housing,Checking,False,1775.62,0.07965839461414259,False,False,True,False,1
TX-002122,2025-04-20,Housing transaction 2122,Housing,Checking,False,1772.6,0.07823368366759663,False,False,True,False,1
TX-002263,2025-04-12,Housing transaction 2263,Housing,Checking,False,1767.63,0.07588904346748632,False,False,True,False,1
TX-002129,2025-10-31,Housing transaction 2129,Housing,Checking,False,1763.63,0.07400200910120026,False,False,True,False,1
TX-000329,2025-02-18,Housing transaction 329,Housing,Checking,False,1761.78,0.0731292557067929,False,False,True,False,1
TX-000629,2025-09-09,Housing transaction 629,Housing,Credit,True,1760.46,0.07250653436591854,False,False,True,False,1
TX-000277,2025-06-01,Housing transaction 277,Housing,Checking,True,1756.91,0.0708317913658397,False,False,True,False,1
TX-001917,2025-02-19,Housing transaction 1917,Housing,Checking,False,1756.89,0.07082235619400827,False,False,True,False,1
TX-002194,2025-06-21,Housing transaction 2194,Housing,Checking,False,1753.96,0.06944010352070372,False,False,True,False,1
TX-000831,2025-07-03,Housing transaction 831,Housing,Credit,False,1750.52,0.0678172539656977,False,False,True,False,1
TX-001188,2025-06-28,Housing transaction 1188,Housing,Savings,True,1744.58,0.06501500793176289,False,False,True,False,1
TX-001657,2025-01-31,Housing transaction 1657,Housing,Checking,False,1743.84,0.06466590657399997,False,False,True,False,1
TX-001060,2025-06-28,Housing transaction 1060,Housing,Checking,True,1734.4,0.06021250546956498,False,False,True,False,1
TX-000406,2025-06-29,Housing transaction 406,Housing,Checking,True,1729.02,0.05767444424691019,False,False,True,False,1
TX-001024,2025-08-24,Housing transaction 1024,Housing,Checking,False,1728.98,0.05765557390324735,False,False,True,False,1
TX-000756,2025-01-01,Housing transaction 756,Housing,Credit,False,1726.94,0.05669318637644148,False,False,True,False,1
TX-001723,2025-10-12,Housing transaction 1723,Housing,Credit,True,1722.18,0.05444761548056109,False,False,True,False,1
TX-000213,2025-08-13,Housing transaction 213,Housing,Savings,False,1721.16,0.05396642171715815,False,False,True,False,1
TX-000227,2025-10-21,Housing transaction 227,Housing,Savings,True,1718.94,0.05291911764386939,False,False,True,False,1
TX-002329,2025-04-14,Housing transaction 2329,Housing,Checking,False,1712.19,0.049734747150761684,False,False,True,False,1
TX-002198,2025-05-21,Housing transaction 2198,Housing,Savings,False,1705.77,0.046706056992872544,False,False,True,False,1
TX-000142,2025-08-29,Housing transaction 142,Housing,Checking,False,1705.16,0.04641828425201397,False,False,True,False,1
TX-001594,2025-07-14,Housing transaction 1594,Housing,Credit,True,1703.67,0.045715363950572414,False,False,True,False,1
TX-001813,2025-02-15,Housing transaction 1813,Housing,Checking,False,1703.33,0.04555496602943803,False,False,True,False,1
TX-000177,2025-05-01,Housing transaction 177,Housing,Checking,False,1699.67,0.04382832958428637,False,False,True,False,1
TX-000489,2025-10-17,Housing transaction 489,Housing,Checking,True,1698.42,0.043238631344821976,False,False,True,False,1
TX-001079,2025-04-21,Housing transaction 1079,Housing,Credit,False,1687.53,0.03810118028260817,False,False,True,False,1
TX-000049,2025-03-30,Housing transaction 49,Housing,Credit,False,1685.59,0.03718596861495941,False,False,True,False,1
TX-002377,2025-08-04,Housing transaction 2377,Housing,Checking,False,1684.29,0.036572682445916466,False,False,True,False,1
TX-002261,2025-03-09,Housing transaction 2261,Housing,Credit,False,1681.85,0.03542159148248195,False,False,True,False,1
TX-000197,2025-11-14,Housing transaction 197,Housing,Checking,True,1681.22,0.03512438356979195,False,False,True,False,1
TX-000533,2025-07-15,Housing transaction 533,Housing,Credit,False,1678.43,0.03380817709930745,False,False,True,False,1
TX-001703,2025-01-22,Housing transaction 1703,Housing,Checking,True,1675.76,0.03254858165981148,False,False,True,False,1
TX-000493,2025-05-27,Housing transaction 493,Housing,Checking,False,1674.54,0.03197303617809423,False,False,True,False,1
TX-000890,2025-12-31,Housing transaction 890,Housing,Savings,True,1671.61,0.030590783504789668,False,False,True,False,1
TX-000713,2025-07-16,Housing transaction 713,Housing,Checking,False,1666.77,0.02830747192158359,False,False,True,False,1
TX-001977,2025-03-21,Housing transaction 1977,Housing,Checking,False,1665.33,0.027628139549720588,False,False,True,False,1
TX-002009,2025-10-09,Housing transaction 2009,Housing,Credit,False,1663.08,0.026566682718684686,False,False,True,False,1
TX-002305,2025-04-26,Housing transaction 2305,Housing,Checking,False,1649.6,0.0202073769043007,False,False,True,False,1
TX-001127,2025-02-07,Housing transaction 1127,Housing,Checking,True,1646.95,0.01895721663663626,False,False,True,False,1
TX-000174,2025-07-09,Housing transaction 174,Housing,Savings,False,1635.93,0.01375843695751821,False,False,True,False,1
TX-001282,2025-05-31,Housing transaction 1282,Housing,Checking,False,1628.97,0.010474997160180471,False,False,True,False,1
TX-000346,2025-04-26,Housing transaction 346,Housing,Checking,False,1626.51,0.009314471024914535,False,False,True,False,1
TX-001656,2025-09-06,Housing transaction 1656,Housing,Savings,False,1609.79,0.0014266673738388479,False,False,True,False,1
TX-002218,2025-02-19,Housing transaction 2218,Housing,Checking,False,1607.8,0.00048786777661153545,False,False,True,False,1
TX-000419,2025-09-19,Housing transaction 419,Housing,Checking,False,1607.41,0.000303881925898706,False,False,True,False,1
TX-000944,2025-05-30,Housing transaction 944,Housing,Savings,False,1606.2,-0.00026694596990284027,False,False,True,False,1
TX-000670,2025-08-15,Housing transaction 670,Housing,Credit,False,1598.79,-0.00376267713344778,False,False,True,False,1
TX-002184,2025-02-08,Housing transaction 2184,Housing,Checking,False,1595.8,-0.005173235322246604,False,False,True,False,1
TX-001586,2025-12-23,Housing transaction 1586,Housing,Credit,False,1595.17,-0.005470443234936601,False,False,True,False,1
TX-000918,2025-07-31,Housing transaction 918,Housing,Checking,True,1593.9,-0.006069576646232412,False,False,True,False,1
TX-000588,2025-06-30,Housing transaction 588,Housing,Credit,False,1592.39,-0.00678193211950539,False,False,True,False,1
TX-000694,2025-07-05,Housing transaction 694,Housing,Credit,True,1590.73,-0.007565051381514139,False,False,True,False,1
TX-000842,2025-10-04,Housing transaction 842,Uncategorized,Savings,False,1587.55,2.7161826342373088,False,False,True,False,1
TX-001767,2025-01-27,Housing transaction 1767,Housing,Savings,False,1585.89,-0.009848362964720216,False,False,True,False,1
TX-000037,2025-02-20,Housing transaction 37,Housing,Checking,False,1583.04,-0.011192874950699089,False,False,True,False,1
TX-000001,2025-04-13,Housing transaction 1,Housing,Checking,False,1582.37,-0.011508953207052036,False,False,True,False,1
TX-002110,2025-03-06,Housing transaction 2110,Housing,Checking,False,1570.22,-0.017240820094645837,False,False,True,False,1
TX-001301,2025-08-10,Housing transaction 1301,Housing,Savings,False,1564.63,-0.01987795062153055,False,False,True,False,1
TX-000653,2025-11-08,Housing transaction 653,Housing,Checking,True,1559.0,-0.02253395149207821,False,False,True,False,1
TX-000273,2025-05-27,Housing transaction 273,Housing,Savings,True,1543.45,-0.029869797591015195,False,False,True,False,1
TX-001866,2025-05-07,Housing transaction 1866,Housing,Savings,False,1541.0,-0.03102560614036542,False,False,True,False,1
TX-002490,2025-12-04,Housing transaction 2490,Housing,Credit,False,1539.76,-0.0316105867939141,False,False,True,False,1
TX-002392,2025-09-23,Housing transaction 2392,Housing,Checking,False,1536.9,-0.032959816365808574,False,False,True,False,1
TX-000775,2025-08-24,Housing transaction 775,Housing,Credit,False,1532.3,-0.03512990588703759,False,False,True,False,1
TX-001784,2025-01-09,Housing transaction 1784,Housing,Savings,True,1530.11,-0.03616305720257923,False,False,True,False,1
TX-000155,2025-07-06,Housing transaction 155,Housing,Checking,False,1527.39,-0.03744624057165365,False,False,True,False,1
TX-001522,2025-11-20,Housing transaction 1522,Housing,Savings,False,1527.35,-0.037465110915316596,False,False,True,False,1
TX-000660,2025-06-22,Housing transaction 660,Housing,Savings,False,1526.34,-0.03794158709280382,False,False,True,False,1
TX-002462,2025-06-27,Housing transaction 2462,Housing,Credit,False,1520.11,-0.04088064311829435,False,False,True,False,1
TX-000248,2025-11-04,Housing transaction 248,Housing,Credit,False,1518.16,-0.04180057237185871,False,False,True,False,1
TX-000206,2025-04-23,Housing transaction 206,Housing,Credit,False,1514.86,-0.043357375724044786,False,False,True,False,1
TX-002412,2025-06-22,Housing transaction 2412,Housing,Checking,True,1514.13,-0.04370175949589189,False,False,True,False,1
TX-000459,2025-03-10,Housing transaction 459,Housing,Savings,False,1513.22,-0.044131059814222,False,False,True,False,1
TX-001080,2025-06-06,Housing transaction 1080,Housing,Checking,False,1512.29,-0.044569795304383535,False,False,True,False,1
TX-000068,2025-11-06,Housing transaction 68,Housing,Checking,False,1507.03,-0.047051245496049686,False,False,True,False,1
TX-002042,2025-11-04,Housing transaction 2042,Housing,Checking,False,1504.97,-0.04802306819468697,False,False,True,False,1
TX-000612,2025-05-02,Housing transaction 612,Housing,Checking,False,1503.03,-0.04893827986233573,False,False,True,False,1
TX-000601,2025-03-17,Housing transaction 601,Housing,Credit,True,1498.98,-0.05084890215820033,False,False,True,False,1
TX-000290,2025-06-02,Housing transaction 290,Housing,Checking,False,1491.85,-0.054212540916105265,False,False,True,False,1
TX-001247,2025-02-24,Housing transaction 1247,Housing,Checking,False,1486.37,-0.05679777799791715,False,False,True,False,1
TX-000160,2025-06-19,Housing transaction 160,Housing,Checking,True,1479.78,-0.05990666711637338,False,False,True,False,1
TX-002308,2025-10-27,Housing transaction 2308,Housing,Savings,True,1479.62,-0.05998214849102486,False,False,True,False,1
TX-002138,2025-10-27,Housing transaction 2138,Uncategorized,Credit,True,1478.05,2.4836503392405302,False,False,True,False,1
TX-000685,2025-09-29,Housing transaction 685,Housing,Credit,True,1471.35,-0.06388359204332125,False,False,True,False,1
TX-001709,2025-06-24,Housing transaction 1709,Housing,Checking,False,1467.24,-0.06582251985468011,False,False,True,False,1
TX-002215,2025-12-13,Housing transaction 2215,Housing,Credit,True,1464.13,-0.06728968907446747,False,False,True,False,1
TX-001313,2025-08-03,Housing transaction 1313,Housing,Checking,False,1462.71,-0.06795958627449905,False,False,True,False,1
TX-002256,2025-08-29,Housing transaction 2256,Housing,Credit,False,1459.33,-0.06955413031401081,False,False,True,False,1
TX-001672,2025-02-15,Housing transaction 1672,Housing,Credit,True,1453.29,-0.07240355220710272,False,False,True,False,1
TX-000704,2025-07-20,Housing transaction 704,Housing,Savings,False,1450.17,-0.07387543901280579,False,False,True,False,1
TX-002352,2025-12-27,Housing transaction 2352,Housing,Checking,True,1448.68,-0.07457835931424735,False,False,True,False,1
TX-000028,2025-08-24,Housing transaction 28,Housing,Credit,False,1447.95,-0.07492274308609456,False,False,True,False,1
TX-002112,2025-07-18,Housing transaction 2112,Housing,Checking,True,1441.23,-0.07809296082145513,False,False,True,False,1
TX-001275,2025-07-01,Housing transaction 1275,Housing,Credit,False,1438.71,-0.07928179247221533,False,False,True,False,1
TX-000337,2025-08-21,Housing transaction 337,Housing,Credit,False,1437.45,-0.07987620829759542,False,False,True,False,1
TX-002393,2025-01-25,Housing transaction 2393,Housing,Checking,False,1433.88,-0.0815603864695057,False,False,True,False,1
TX-001954,2025-11-12,Housing transaction 1954,Housing,Checking,True,1432.31,-0.08230104745827305,False,False,True,False,1
TX-000851,2025-08-21,Housing transaction 851,Housing,Savings,False,1427.54,-0.08455133594006915,False,False,True,False,1
TX-001312,2025-02-28,Housing transaction 1312,Uncategorized,Checking,True,1422.76,2.3662374571366773,False,False,True,False,1
TX-001141,2025-11-12,Housing transaction 1141,Housing,Savings,False,1422.33,-0.08700919820215675,False,False,True,False,1
TX-000312,2025-08-18,Housing transaction 312,Housing,Checking,False,1419.54,-0.08832540467264124,False,False,True,False,1
TX-001668,2025-01-12,Housing transaction 1668,Housing,Checking,True,1414.65,-0.09063230418542588,False,False,True,False,1
TX-001193,2025-07-17,Housing transaction 1193,Housing,Checking,True,1414.62,-0.09064645694317311,False,False,True,False,1
TX-001293,2025-01-11,Housing transaction 1293,Housing,Checking,False,1411.2,-0.09225987132634761,False,False,True,False,1
TX-000792,2025-11-02,Housing transaction 792,Housing,Checking,False,1410.7,-0.09249575062213337,False,False,True,False,1
TX-001721,2025-01-26,Housing transaction 1721,Housing,Checking,False,1404.21,-0.09555746388143248,False,False,True,False,1
TX-002274,2025-05-16,Housing transaction 2274,Housing,Savings,False,1399.49,-0.09778416443365003,False,False,True,False,1
TX-001822,2025-08-30,Housing transaction 1822,Housing,Checking,False,1396.03,-0.09941644916048747,False,False,True,False,1
TX-001407,2025-07-20,Housing transaction 1407,Housing,Checking,False,1395.57,-0.09963345811261039,False,False,True,False,1
TX-000781,2025-10-30,Housing transaction 781,Housing,Savings,True,1379.54,-0.1071957483355017,False,False,True,False,1
TX-001558,2025-08-06,Housing transaction 1558,Housing,Checking,True,1373.02,-0.11027161435254795,False,False,True,False,1
TX-000549,2025-05-31,Housing transaction 549,Housing,Checking,False,1372.56,-0.11048862330467087,False,False,True,False,1
TX-000769,2025-06-11,Housing transaction 769,Housing,Credit,False,1371.64,-0.11092264120891658,False,False,True,False,1
TX-001663,2025-03-23,Housing transaction 1663,Housing,Checking,False,1367.4,-0.1129228976371798,False,False,True,False,1
TX-000590,2025-07-05,Housing transaction 590,Housing,Credit,False,1365.05,-0.11403153032737291,False,False,True,False,1
TX-000589,2025-02-11,Housing transaction 589,Housing,Savings,True,1364.39,-0.11434289099781005,False,False,True,False,1
TX-000988,2025-01-20,Housing transaction 988,Housing,Checking,False,1360.74,-0.1160648098570461,False,False,True,False,1
TX-000116,2025-02-17,Housing transaction 116,Housing,Checking,True,1359.1,-0.11683849394722344,False,False,True,False,1
TX-001998,2025-04-30,Housing transaction 1998,Housing,Credit,False,1356.78,-0.1179329738796693,False,False,True,False,1
TX-001071,2025-04-14,Housing transaction 1071,Uncategorized,Checking,False,1355.56,2.2235327062345447,False,False,True,False,1
TX-000442,2025-10-06,Housing transaction 442,Housing,Savings,False,1348.77,-0.12171176019815712,False,False,True,False,1
TX-000075,2025-12-17,Housing transaction 75,Housing,Savings,False,1334.93,-0.1282408991055068,False,False,True,False,1
TX-001227,2025-01-19,Housing transaction 1227,Housing,Checking,False,1332.74,-0.12927405042104842,False,False,True,False,1
TX-001036,2025-09-24,Housing transaction 1036,Housing,Checking,False,1331.3,-0.12995338279291144,False,False,True,False,1
TX-002373,2025-06-15,Housing transaction 2373,Housing,Credit,False,1330.26,-0.1304440117281458,False,False,True,False,1
TX-002209,2025-06-19,Housing transaction 2209,Housing,Checking,False,1318.53,-0.13597774000727963,False,False,True,False,1
TX-000566,2025-06-07,Housing transaction 566,Housing,Checking,False,1315.52,-0.13739773336790986,False,False,True,False,1
TX-000284,2025-04-14,Health transaction 284,Health,Checking,False,1314.1554402877375,2.3156716973512936,False,False,True,False,1
TX-001246,2025-03-28,Housing transaction 1246,Housing,Checking,False,1313.87,-0.13817613504400292,False,False,True,False,1
TX-001355,2025-10-14,Housing transaction 1355,Housing,Credit,False,1313.84,-0.13819028780175005,False,False,True,False,1
TX-001286,2025-02-05,Housing transaction 1286,Housing,Checking,False,1311.74,-0.13918098084405017,False,False,True,False,1
TX-001198,2025-03-04,Housing transaction 1198,Housing,Checking,False,1311.03,-0.13951592944406596,False,False,True,False,1
TX-000647,2025-11-13,Housing transaction 647,Housing,Checking,True,1310.03,-0.1399876880356375,False,False,True,False,1
TX-002135,2025-05-13,Housing transaction 2135,Housing,Checking,True,1309.83,-0.1400820397539518,False,False,True,False,1
TX-000902,2025-10-21,Housing transaction 902,Housing,Checking,False,1308.53,-0.14069532592299475,False,False,True,False,1
TX-002062,2025-01-26,Housing transaction 2062,Housing,Credit,True,1307.74,-0.1410680152103362,False,False,True,False,1
TX-000234,2025-04-07,Housing transaction 234,Housing,Checking,False,1304.86,-0.14242667995406222,False,False,True,False,1
TX-002389,2025-07-25,Housing transaction 2389,Housing,Savings,True,1300.83,-0.14432786707809542,False,False,True,False,1
TX-000327,2025-02-04,Housing transaction 327,Housing,Savings,False,1285.09,-0.15175334730943102,False,False,True,False,1
TX-000519,2025-01-12,Housing transaction 519,Housing,Checking,False,1285.05,-0.15177221765309384,False,False,True,False,1
TX-002127,2025-10-09,Housing transaction 2127,Housing,Checking,False,1282.86,-0.15280536896863547,False,False,True,False,1
TX-002355,2025-09-06,Housing transaction 2355,Housing,Checking,False,1276.32,-0.15589067015751315,False,False,True,False,1
TX-001197,2025-10-12,Housing transaction 1197,Housing,Checking,False,1269.35,-0.1591788275407666,False,False,True,False,1
TX-001037,2025-12-27,Health transaction 1037,Health,Credit,True,1264.1756197525867,2.20455624646978,False,False,True,False,1
TX-002074,2025-05-22,Housing transaction 2074,Housing,Checking,True,1263.09,-0.16213203632400428,False,False,True,False,1
TX-001528,2025-11-01,Housing transaction 1528,Housing,Checking,False,1261.93,-0.16267927629022716,False,False,True,False,1
TX-000623,2025-11-23,Housing transaction 623,Housing,Checking,True,1260.97,-0.1631321645381358,False,False,True,False,1
TX-000230,2025-04-08,Housing transaction 230,Housing,Checking,False,1259.84,-0.16366525174661167,False,False,True,False,1
TX-000625,2025-10-28,Housing transaction 625,Housing,Checking,False,1259.79,-0.16368883967619022,False,False,True,False,1
TX-000569,2025-04-10,Housing transaction 569,Housing,Credit,True,1257.93,-0.1645663106565132,False,False,True,False,1
TX-000404,2025-12-08,Housing transaction 404,Housing,Checking,True,1243.56,-0.17134548161739588,False,False,True,False,1
TX-000396,2025-06-02,Housing transaction 396,Housing,Credit,False,1242.87,-0.17167099504558025,False,False,True,False,1
TX-000265,2025-10-31,Education transaction 265,Education,Checking,False,1230.4605542274896,0.9919808593124663,False,False,True,False,1
TX-002332,2025-12-26,Housing transaction 2332,Housing,Credit,False,1224.52,-0.18032776520091745,False,False,True,False,1
TX-000691,2025-06-13,Housing transaction 691,Housing,Credit,False,1219.95,-0.18248370196439923,False,False,True,False,1
TX-002164,2025-01-27,Housing transaction 2164,Housing,Savings,False,1219.59,-0.182653535057365,False,False,True,False,1
TX-000110,2025-01-28,Housing transaction 110,Housing,Checking,False,1216.16,-0.18427166702645523,False,False,True,False,1
TX-001971,2025-10-30,Housing transaction 1971,Housing,Savings,True,1214.04,-0.1852717952405869,False,False,True,False,1
TX-000912,2025-03-27,Housing transaction 912,Housing,Credit,False,1211.41,-0.1865125203364199,False,False,True,False,1
TX-001168,2025-05-29,Housing transaction 1168,Housing,Credit,False,1209.42,-0.18745131993364722,False,False,True,False,1
TX-000621,2025-12-08,Housing transaction 621,Housing,Checking,False,1205.16,-0.18946101153374187,False,False,True,False,1
TX-000458,2025-07-11,Housing transaction 458,Housing,Checking,True,1202.26,-0.1908291114492993,False,False,True,False,1
TX-002315,2025-04-16,Housing transaction 2315,Housing,Savings,False,1201.97,-0.190965921440855,False,False,True,False,1
TX-000319,2025-10-04,Housing transaction 319,Housing,Checking,False,1198.32,-0.19268784030009106,False,False,True,False,1
TX-000189,2025-06-21,Housing transaction 189,Housing,Checking,True,1195.39,-0.1940700929733955,False,False,True,False,1
TX-000036,2025-06-24,Housing transaction 36,Housing,Checking,False,1194.47,-0.19450411087764133,False,False,True,False,1
TX-000330,2025-01-17,Housing transaction 330,Housing,Credit,False,1187.14,-0.1979621013538605,False,False,True,False,1
TX-001470,2025-08-11,Housing transaction 1470,Housing,Checking,False,1185.44,-0.19876409095953207,False,False,True,False,1
TX-002045,2025-01-08,Housing transaction 2045,Uncategorized,Credit,False,1180.59,1.8519694582383226,False,False,True,False,1
TX-001788,2025-04-27,Housing transaction 1788,Housing,Credit,True,1178.38,-0.20209470661602694,False,False,True,False,1
TX-002059,2025-08-06,Housing transaction 2059,Housing,Checking,False,1175.99,-0.20322220964988288,False,False,True,False,1
TX-001201,2025-06-05,Housing transaction 1201,Housing,Savings,False,1173.86,-0.20422705544993025,False,False,True,False,1
TX-000309,2025-08-26,Housing transaction 309,Housing,Checking,False,1170.51,-0.20580744673169477,False,False,True,False,1
TX-002327,2025-12-14,Housing transaction 2327,Housing,Savings,True,1170.0,-0.20604804361339624,False,False,True,False,1
TX-000744,2025-12-17,Housing transaction 744,Housing,Credit,False,1169.75,-0.20616598326128913,False,False,True,False,1
TX-000841,2025-02-20,Housing transaction 841,Housing,Checking,True,1160.32,-0.2106146667798085,False,False,True,False,1
TX-002246,2025-09-15,Housing transaction 2246,Housing,Savings,False,1158.19,-0.21161951257985578,False,False,True,False,1
TX-001339,2025-05-08,Housing transaction 1339,Housing,Credit,False,1148.88,-0.21601158506738652,False,False,True,False,1
TX-000641,2025-05-21,Housing transaction 641,Housing,Credit,False,1148.54,-0.2161719829885209,False,False,True,False,1
TX-002052,2025-01-05,Housing transaction 2052,Housing,Credit,False,1147.5,-0.21666261192375524,False,False,True,False,1
TX-001793,2025-07-28,Housing transaction 1793,Housing,Checking,True,1145.55,-0.21758254117731973,False,False,True,False,1
TX-000941,2025-12-31,Housing transaction 941,Housing,Checking,True,1142.1,-0.21921010831824148,False,False,True,False,1
TX-001357,2025-08-07,Housing transaction 1357,Housing,Savings,False,1134.24,-0.2229181308479935,False,False,True,False,1
TX-000719,2025-09-08,Housing transaction 719,Housing,Savings,False,1133.86,-0.22309739911279072,False,False,True,False,1
TX-000170,2025-11-27,Housing transaction 170,Housing,Savings,False,1131.18,-0.2243617121382023,False,False,True,False,1
TX-001916,2025-06-01,Housing transaction 1916,Housing,Checking,False,1130.65,-0.22461174419173519,False,False,True,False,1
TX-000228,2025-10-07,Housing transaction 228,Housing,Checking,False,1128.9,-0.22543732172698533,False,False,True,False,1
TX-001019,2025-04-04,Housing transaction 1019,Housing,Checking,False,1126.77,-0.2264421675270327,False,False,True,False,1
TX-000266,2025-09-11,Housing transaction 266,Housing,Checking,False,1123.87,-0.22781026744259011,False,False,True,False,1
TX-000413,2025-02-22,Housing transaction 413,Housing,Checking,False,1121.77,-0.22880096048489026,False,False,True,False,1
TX-002270,2025-08-17,Housing transaction 2270,Housing,Credit,True,1121.77,-0.22880096048489026,False,False,True,False,1
TX-000342,2025-06-30,Housing transaction 342,Housing,Checking,False,1117.97,-0.230593643132862,False,False,True,False,1
TX-000498,2025-01-16,Housing transaction 498,Housing,Checking,False,1113.16,-0.23286280195832093,False,False,True,False,1
TX-000865,2025-08-27,Housing transaction 865,Housing,Checking,False,1107.82,-0.23538199283731287,False,False,True,False,1
TX-000887,2025-01-28,Housing transaction 887,Housing,Savings,False,1105.94,-0.23626889898946726,False,False,True,False,1
TX-000662,2025-10-30,Housing transaction 662,Housing,Checking,False,1102.47,-0.23790590130222042,False,False,True,False,1
TX-001871,2025-01-12,Housing transaction 1871,Housing,Credit,False,1101.56,-0.23833520162055052,False,False,True,False,1
TX-000368,2025-09-30,Housing transaction 368,Housing,Credit,False,1089.68,-0.24393969368842003,False,False,True,False,1
TX-001557,2025-11-09,Housing transaction 1557,Housing,Savings,False,1089.43,-0.24405763333631292,False,False,True,False,1
TX-001393,2025-03-10,Housing transaction 1393,Housing,Checking,False,1089.3,-0.24411896195321725,False,False,True,False,1
TX-000913,2025-05-06,Housing transaction 913,Housing,Savings,False,1082.89,-0.24714293452519057,False,False,True,False,1
TX-000708,2025-02-15,Housing transaction 708,Housing,Savings,True,1079.47,-0.24875634890836518,False,False,True,False,1
TX-000892,2025-01-14,Housing transaction 892,Housing,Savings,False,1076.81,-0.2500112267619454,False,False,True,False,1
TX-001248,2025-10-15,Housing transaction 1248,Housing,Credit,True,1076.73,-0.25004896744927113,False,False,True,False,1
TX-000015,2025-06-01,Housing transaction 15,Housing,Checking,True,1075.78,-0.25049713811126406,False,False,True,False,1
TX-001267,2025-10-18,Housing transaction 1267,Housing,Checking,False,1074.46,-0.25111985945213844,False,False,True,False,1
TX-002290,2025-03-08,Housing transaction 2290,Housing,Checking,False,1071.37,-0.2525775935000945,False,False,True,False,1
TX-000854,2025-02-15,Housing transaction 854,Housing,Credit,False,1064.07,-0.2560214312185665,False,False,True,False,1
TX-002186,2025-03-12,Housing transaction 2186,Housing,Checking,True,1061.06,-0.2574414245791968,False,False,True,False,1
TX-000800,2025-06-15,Housing transaction 800,Housing,Savings,False,1060.61,-0.2576537159454039,False,False,True,False,1
TX-002325,2025-08-25,Housing transaction 2325,Housing,Credit,True,1059.18,-0.25832833073135114,False,False,True,False,1
TX-002431,2025-10-14,Housing transaction 2431,Housing,Credit,False,1054.21,-0.2606729709314616,False,False,True,False,1
TX-000648,2025-12-27,Housing transaction 648,Housing,Checking,False,1051.79,-0.26181462672306466,False,False,True,False,1
TX-000465,2025-05-24,Housing transaction 465,Housing,Savings,True,1050.23,-0.2625505701259162,False,False,True,False,1
TX-000500,2025-12-02,Housing transaction 500,Housing,Savings,False,1047.11,-0.26402245693161935,False,False,True,False,1
TX-002245,2025-09-11,Housing transaction 2245,Housing,Savings,False,1046.95,-0.2640979383062707,False,False,True,False,1
TX-001820,2025-06-10,Housing transaction 1820,Housing,Savings,False,1044.98,-0.26502730273166664,False,False,True,False,1
TX-001772,2025-06-30,Housing transaction 1772,Housing,Checking,True,1038.66,-0.2680088170303985,False,False,True,False,1
TX-001189,2025-07-01,Housing transaction 1189,Housing,Checking,True,1033.83,-0.270287411027689,False,False,True,False,1
TX-002223,2025-06-16,Housing transaction 2223,Housing,Savings,False,1029.61,-0.2722782322841208,False,False,True,False,1
TX-001202,2025-02-18,Housing transaction 1202,Housing,Savings,True,1028.47,-0.27281603707851226,False,False,True,False,1
TX-000011,2025-11-27,Housing transaction 11,Housing,Checking,True,1019.95,-0.27683542027870156,False,False,True,False,1
TX-001757,2025-09-28,Housing transaction 1757,Housing,Credit,True,1017.08,-0.2781893674365118,False,False,True,False,1
TX-001542,2025-08-14,Housing transaction 1542,Housing,Savings,True,1017.06,-0.2781988026083433,False,False,True,False,1
TX-001385,2025-08-20,Housing transaction 1385,Housing,Checking,False,1016.64,-0.27839694121680325,False,False,True,False,1
TX-002291,2025-10-27,Housing transaction 2291,Housing,Credit,True,1013.93,-0.2796754069999621,False,False,True,False,1
TX-001314,2025-05-08,Housing transaction 1314,Housing,Savings,True,1008.15,-0.2824021716592454,False,False,True,False,1
TX-001358,2025-06-17,Housing transaction 1358,Housing,Checking,True,1006.81,-0.28303432817195123,False,False,True,False,1
TX-001185,2025-05-08,Housing transaction 1185,Housing,Credit,False,1006.38,-0.283237184366327,False,False,True,False,1
TX-000254,2025-09-24,Housing transaction 254,Housing,Savings,True,1005.78,-0.2835202395212699,False,False,True,False,1
TX-002169,2025-05-16,Housing transaction 2169,Housing,Credit,True,1003.43,-0.28462887221146294,False,False,True,False,1
TX-001556,2025-08-14,Housing transaction 1556,Housing,Credit,False,989.93,-0.29099761319767836,False,False,True,False,1
TX-000608,2025-05-21,Housing transaction 608,Housing,Checking,False,986.94,-0.2924081713864771,False,False,True,False,1
TX-002067,2025-11-24,Housing transaction 2067,Housing,Credit,True,979.98,-0.2956916111838149,False,False,True,False,1
TX-001467,2025-11-11,Housing transaction 1467,Housing,Savings,False,978.96,-0.2961728049472178,False,False,True,False,1
TX-001530,2025-05-20,Housing transaction 1530,Housing,Credit,False,978.88,-0.2962105456345436,False,False,True,False,1
TX-001119,2025-10-26,Housing transaction 1119,Housing,Savings,False,977.59,-0.29681911421767077,False,False,True,False,1
TX-002268,2025-02-05,Housing transaction 2268,Housing,Checking,False,972.17,-0.2993760457839884,False,False,True,False,1
TX-002378,2025-06-07,Housing transaction 2378,Housing,Credit,False,962.77,-0.3038105765447606,False,False,True,False,1
TX-000426,2025-05-24,Housing transaction 426,Housing,Checking,True,954.43,-0.307745043198467,False,False,True,False,1
TX-001979,2025-09-23,Housing transaction 1979,Housing,Savings,False,953.71,-0.30808470938439847,False,False,True,False,1
TX-002208,2025-05-05,Housing transaction 2208,Housing,Credit,False,951.49,-0.30913201345768726,False,False,True,False,1
TX-002450,2025-09-17,Housing transaction 2450,Housing,Savings,False,949.24,-0.3101934702887231,False,False,True,False,1
TX-001495,2025-06-19,Housing transaction 1495,Housing,Savings,False,948.4,-0.3105897475056432,False,False,True,False,1
TX-000390,2025-12-20,Housing transaction 390,Housing,Checking,True,948.34,-0.3106180530211375,False,False,True,False,1
TX-002097,2025-04-12,Housing transaction 2097,Housing,Checking,False,934.49,-0.317151909514403,False,False,True,False,1
TX-001425,2025-10-02,Housing transaction 1425,Housing,Credit,False,932.97,-0.31786898257359164,False,False,True,False,1
TX-001446,2025-03-30,Housing transaction 1446,Housing,Checking,False,928.99,-0.31974658176804627,False,False,True,False,1
TX-001893,2025-02-06,Housing transaction 1893,Housing,Checking,False,924.6,-0.32181760198504517,False,False,True,False,1
TX-001858,2025-04-21,Housing transaction 1858,Housing,Credit,True,923.33,-0.322416735396341,False,False,True,False,1
TX-000122,2025-12-26,Housing transaction 122,Housing,Checking,False,922.95,-0.32259600366113816,False,False,True,False,1
TX-001012,2025-11-17,Housing transaction 1012,Housing,Checking,True,922.25,-0.32292623467523823,False,False,True,False,1
TX-000654,2025-04-27,Housing transaction 654,Housing,Credit,False,922.02,-0.3230347391512997,False,False,True,False,1
TX-000081,2025-10-23,Housing transaction 81,Housing,Checking,False,919.06,-0.3244311445823514,False,False,True,False,1
TX-001929,2025-08-31,Housing transaction 1929,Housing,Checking,False,918.42,-0.32473307008095714,False,False,True,False,1
TX-002347,2025-10-19,Housing transaction 2347,Housing,Credit,False,912.57,-0.32749285784165044,False,False,True,False,1
TX-000672,2025-01-20,Housing transaction 672,Housing,Checking,False,904.54,-0.33128107933196976,False,False,True,False,1
TX-000074,2025-09-27,Housing transaction 74,Housing,Checking,False,902.85,-0.3320783513517256,False,False,True,False,1
TX-001840,2025-11-01,Housing transaction 1840,Housing,Checking,False,902.38,-0.3323000778897642,False,False,True,False,1
TX-001033,2025-11-16,Housing transaction 1033,Housing,Credit,False,902.07,-0.33244632305315136,False,False,True,False,1
TX-001641,2025-09-26,Utilities transaction 1641,Utilities,Savings,False,900.3197391270331,2.5512365291717343,False,False,True,False,1
TX-000575,2025-08-11,Housing transaction 575,Housing,Checking,False,897.54,-0.33458338947297034,False,False,True,False,1
TX-000518,2025-10-12,Housing transaction 518,Housing,Credit,True,895.87,-0.3353712263208947,False,False,True,False,1
TX-001644,2025-12-11,Housing transaction 1644,Housing,Savings,False,890.61,-0.3378526765125609,False,False,True,False,1
TX-000268,2025-02-06,Housing transaction 268,Housing,Credit,False,889.87,-0.3382017778703238,False,False,True,False,1
TX-000010,2025-08-03,Housing transaction 10,Housing,Checking,True,888.83,-0.3386924068055582,False,False,True,False,1
TX-002494,2025-07-07,Housing transaction 2494,Housing,Checking,False,884.09,-0.34092854252960714,False,False,True,False,1
TX-000370,2025-10-26,Housing transaction 370,Housing,Checking,True,883.4,-0.3412540559577915,False,False,True,False,1
TX-001963,2025-12-11,Housing transaction 1963,Housing,Checking,False,882.3,-0.34177299040852016,False,False,True,False,1
TX-000771,2025-09-16,Housing transaction 771,Housing,Credit,False,879.34,-0.3431693958395718,False,False,True,False,1
TX-002491,2025-06-22,Housing transaction 2491,Housing,Savings,False,878.74,-0.3434524509945147,False,False,True,False,1
TX-000032,2025-06-19,Housing transaction 32,Housing,Savings,False,875.34,-0.34505643020585786,False,False,True,False,1
TX-000430,2025-06-07,Housing transaction 430,Housing,Checking,True,874.55,-0.3454291194931994,False,False,True,False,1
TX-001297,2025-01-20,Housing transaction 1297,Housing,Checking,False,872.96,-0.34617921565379806,False,False,True,False,1
TX-000431,2025-05-27,Housing transaction 431,Housing,Credit,False,867.94,-0.348547443783487,False,False,True,False,1
TX-001250,2025-12-15,Housing transaction 1250,Housing,Savings,False,861.69,-0.351495934980809,False,False,True,False,1
TX-001146,2025-10-20,Housing transaction 1146,Housing,Checking,False,857.01,-0.3537037651893637,False,False,True,False,1
TX-000882,2025-10-30,Housing transaction 882,Housing,Checking,True,856.95,-0.35373207070485796,False,False,True,False,1
TX-001973,2025-01-10,Housing transaction 1973,Housing,Checking,False,854.65,-0.35481711546547245,False,False,True,False,1
TX-000061,2025-03-22,Housing transaction 61,Housing,Checking,True,838.63,-0.36237468810244805,False,False,True,False,1
TX-000031,2025-02-28,Housing transaction 31,Housing,Checking,False,837.38,-0.36296438634191247,False,False,True,False,1
TX-000408,2025-11-22,Housing transaction 408,Housing,Savings,True,827.19,-0.36777160639002615,False,False,True,False,1
TX-002023,2025-06-30,Housing transaction 2023,Housing,Checking,False,826.59,-0.368054661544969,False,False,True,False,1
TX-000410,2025-02-23,Housing transaction 410,Housing,Savings,False,822.79,-0.3698473441929408,False,False,True,False,1
TX-000796,2025-12-01,Housing transaction 796,Housing,Credit,True,818.95,-0.3716588971845754,False,False,True,False,1
TX-000786,2025-03-16,Housing transaction 786,Uncategorized,Savings,True,818.19,1.082383123016108,False,False,True,False,1
TX-000299,2025-03-09,Housing transaction 299,Housing,Savings,True,812.68,-0.37461682355372883,False,False,True,False,1
TX-001487,2025-01-04,Housing transaction 1487,Uncategorized,Checking,False,810.89,1.0668809700163226,False,False,True,False,1
TX-001134,2025-12-29,Housing transaction 1134,Housing,Checking,False,810.26,-0.37575847934533185,False,False,True,False,1
TX-002451,2025-09-17,Housing transaction 2451,Housing,Checking,False,808.72,-0.37648498757635196,False,False,True,False,1
TX-000073,2025-07-21,Housing transaction 73,Housing,Credit,False,803.35,-0.379018331213091,False,False,True,False,1
TX-000258,2025-09-20,Housing transaction 258,Housing,Savings,False,794.71,-0.38309432544426886,False,False,True,False,1
TX-001149,2025-04-16,Housing transaction 1149,Housing,Credit,True,791.25,-0.38472661017110626,False,False,True,False,1
TX-000750,2025-06-14,Housing transaction 750,Housing,Savings,True,790.57,-0.3850474060133749,False,False,True,False,1
TX-001181,2025-10-21,Housing transaction 1181,Housing,Checking,True,790.43,-0.3851134522161949,False,False,True,False,1
TX-001781,2025-08-24,Housing transaction 1781,Housing,Credit,False,787.17,-0.3866513852247181,False,False,True,False,1
TX-001697,2025-11-20,Housing transaction 1697,Housing,Savings,False,785.22,-0.38757131447828247,False,False,True,False,1
TX-001991,2025-10-11,Housing transaction 1991,Housing,Checking,False,784.97,-0.3876892541261754,False,False,True,False,1
TX-000551,2025-08-12,Housing transaction 551,Housing,Checking,False,784.89,-0.3877269948135011,False,False,True,False,1
TX-001069,2025-11-05,Housing transaction 1069,Uncategorized,Checking,True,784.58,1.0110095117390145,False,False,True,False,1
TX-002222,2025-03-01,Housing transaction 2222,Housing,Credit,False,779.82,-0.3901188108727686,False,False,True,False,1
TX-001808,2025-08-02,Housing transaction 1808,Housing,Checking,False,770.03,-0.3947373274842538,False,False,True,False,1
TX-000246,2025-12-18,Housing transaction 246,Housing,Savings,False,767.48,-0.39594031189276113,False,False,True,False,1
TX-002024,2025-08-30,Housing transaction 2024,Housing,Savings,False,763.99,-0.39758674937734567,False,False,True,False,1
TX-001765,2025-01-08,Housing transaction 1765,Housing,Checking,True,763.03,-0.39803963762525435,False,False,True,False,1
TX-000835,2025-07-14,Housing transaction 835,Housing,Checking,False,760.9,-0.3990444834253017,False,False,True,False,1
TX-001319,2025-01-14,Housing transaction 1319,Housing,Credit,False,755.23,-0.40171935463951214,False,False,True,False,1
TX-001515,2025-12-25,Housing transaction 1515,Housing,Checking,True,752.89,-0.40282326974378946,False,False,True,False,1
TX-001935,2025-08-25,Housing transaction 1935,Housing,Credit,False,749.81,-0.4042762862058297,False,False,True,False,1
TX-000391,2025-11-18,Housing transaction 391,Housing,Savings,False,741.04,-0.4084136090539119,False,False,True,False,1
TX-000631,2025-12-30,Housing transaction 631,Housing,Credit,True,739.31,-0.40922975141733064,False,False,True,False,1
TX-002348,2025-05-31,Housing transaction 2348,Housing,Credit,False,738.8,-0.4094703482990321,False,False,True,False,1
TX-002056,2025-07-12,Housing transaction 2056,Housing,Savings,False,734.99,-0.41126774853291953,False,False,True,False,1
TX-000743,2025-07-16,Housing transaction 743,Housing,Checking,True,734.82,-0.4113479474934867,False,False,True,False,1
TX-001125,2025-11-26,Housing transaction 1125,Uncategorized,Checking,False,727.37,0.8895193510379579,False,False,True,False,1
TX-002060,2025-04-24,Housing transaction 2060,Housing,Savings,False,722.76,-0.4170373561078391,False,False,True,False,1
TX-000414,2025-03-01,Housing transaction 414,Housing,Savings,False,713.47,-0.4214199934235384,False,False,True,False,1
TX-001403,2025-12-31,Housing transaction 1403,Housing,Savings,False,713.27,-0.42151434514185276,False,False,True,False,1
TX-001610,2025-11-12,Housing transaction 1610,Housing,Credit,False,710.89,-0.42263713058979296,False,False,True,False,1
TX-000274,2025-10-31,Housing transaction 274,Housing,Savings,False,707.8,-0.4240948646377489,False,False,True,False,1
TX-002500,2025-10-09,Housing transaction 2500,Housing,Credit,False,703.2,-0.42626495415897786,False,False,True,False,1
TX-000864,2025-08-02,Housing transaction 864,Housing,Credit,False,702.21,-0.42673199516463367,False,False,True,False,1
TX-000436,2025-04-02,Housing transaction 436,Housing,Checking,False,701.01,-0.4272981054745195,False,False,True,False,1
TX-000809,2025-05-18,Housing transaction 809,Housing,Checking,False,700.97,-0.42731697581818234,False,False,True,False,1
TX-002020,2025-07-25,Housing transaction 2020,Housing,Credit,True,699.91,-0.42781703992524817,False,False,True,False,1
TX-000237,2025-07-06,Housing transaction 237,Housing,Savings,False,697.49,-0.4289586957168512,False,False,True,False,1
TX-000770,2025-04-28,Housing transaction 770,Housing,Savings,False,691.7,-0.4316901779620502,False,False,True,False,1
TX-001618,2025-11-14,Housing transaction 1618,Housing,Checking,False,689.16,-0.43288844478464195,False,False,True,False,1
TX-002116,2025-11-01,Housing transaction 2116,Uncategorized,Credit,True,685.92,0.8014968521556156,False,False,True,False,1
TX-002003,2025-04-18,Housing transaction 2003,Housing,Checking,False,681.37,-0.436563444212984,False,False,True,False,1
TX-000807,2025-05-13,Housing transaction 807,Housing,Credit,False,679.46,-0.43746450312288554,False,False,True,False,1
TX-001419,2025-08-17,Housing transaction 1419,Housing,Checking,False,676.93,-0.4386580523595615,False,False,True,False,1
TX-001778,2025-08-10,Housing transaction 1778,Housing,Credit,True,671.21,-0.44135651150335053,False,False,True,False,1
TX-000158,2025-10-11,Housing transaction 158,Housing,Checking,False,666.28,-0.4436822813597981,False,False,True,False,1
TX-000932,2025-03-24,Housing transaction 932,Housing,Checking,True,651.92,-0.450456734734765,False,False,True,False,1
TX-001691,2025-08-10,Housing transaction 1691,Housing,Checking,False,650.42,-0.4511643726221223,False,False,True,False,1
TX-001747,2025-09-14,Housing transaction 1747,Housing,Checking,True,650.15,-0.4512917474418466,False,False,True,False,1
TX-000995,2025-11-16,Housing transaction 995,Uncategorized,Checking,False,648.67,0.7223934002046567,False,False,True,False,1
TX-000834,2025-12-18,Food transaction 834,Food,Checking,False,572.0331353680175,5.17994198529952,False,False,False,True,1
TX-000417,2025-04-13,Food transaction 417,Food,Checking,False,486.1626991589402,4.231067975840246,False,False,False,True,1
